,filename,raw_url,yahoo_image_url,title
0,かっこいいヒゲ_1,https://smartlog.jp/5452,https://msp.c.yimg.jp/images/v2/FUTi93tXq405grZVGgDqG8yn5fUANGeLfP9Mytl2wRTobM0UUvQyBYm2AJ-hOnRl9RxveRTCQBWTnue0EbUy-OK0OHYrmy2OU6O68fv3jnoLbWN-7m41YOzEQlYd54j3v0MNR-ycP7y4PFS6nWntscG9Z3tw69FBO1AeRrQ50J9Ge88oZFixX3vdPYNry6aklnWB1h0-Domq8VDZ1lO5zj0DZWyN_7UKQXdDhwtrdvQggfheT3VZvQQXUlSp7XonFW8qCg9JccEDAkW7qgTayoAgOERmond4rce8jpRphSmrlg_CZut-1eRwx49pFTf5zjDfcJWKSqiN9IJerq8lwEjrTbXgcvQk-SU6x8LmUZMa-WlLnHbNiqy7scIQDQCzdHOY0FNUzM37GZM7w3W9Qg==/6c6740024a2ea36e354f3eafbdc9b598.jpg,男らしいヒゲメンに！女性からモテるかっこいい髭スタイル7選 ...
1,かっこいいヒゲ_2,https://mens-rinx.jp/contents/higecool,https://msp.c.yimg.jp/images/v2/FUTi93tXq405grZVGgDqGyog-gqCMlQJLQV1grnpXFUjySUd-RzTupyPZUY5LE4PiR8iq4CX0FbX4WS8DxfFNN6wJWeN6JXYEeSXK7FwXXeCR3_tyJAvdXkSXKSMMC0dd0XRgvS1dkUzsTp1yDMALIBChlLTJjw6LO2QPrAUJkOmnhB4skm__wUKy4a7PA8XoPAu1aivy-X05EsU8j9_eIrI1MchoAQtMNymXCy3G8B9AJKPOe8pxapAFE6Py3osc-iriZ8Ms-Kg6HK1xozb_NGEGgPXIvfuUdUdro2YDxjyjrNBw9iXW4gDGS-NANVS/higecool-cheek.jpg,女性ウケ抜群！カッコいいヒゲデザインとヒゲのお手入れ方法も ...
2,かっこいいヒゲ_3,https://www.tcclinic.jp/column/mens-datsumo/hige_handsome_design/,https://msp.c.yimg.jp/images/v2/FUTi93tXq405grZVGgDqG3jK-3UXfL5rF6G2PIw83-8maW-azmFZwbpSlwELEl0Z9RxveRTCQBWTnue0EbUy-LWzckAVMJBra1SLljCr2EWt6FFjGplrz6RQ516CSatGQYShPeqE278W3kj9GVNuFIwQUr2uPRjssvIKp0lzNh5caPRnczZZkhb6Ym94bf9_VgYWEfpGpML-rV4VGTkkjS-v_qv4_yJesJY1YGK-6K2TvAE-UogRLp3zH3gBJuKCn3_yT3UYpOQ42vJmH_j6PumxiQWJuWQgKqBgsmoUwV7VTFGB_2D3gVcy1gQ6Uaho/beard-design-arrange.jpg,髭イケメンになるには？モテる髭デザインや整え方 | Healthcare ...
3,かっこいいヒゲ_4,https://kashi-kari.jp/lab/stubble-style/,https://msp.c.yimg.jp/images/v2/FUTi93tXq405grZVGgDqGw4rS8Eum4qpKoLIY44ziuXlgrFPK_7PXMpL2NYwrONR8xPhvOOa8YokQ0h9FkFsJq0OIIeOz9h_NGyS5-XhDw2SGvzRwhXi1g7uva6oNHr6LAHD5JCjpiUOTODuec_HAUqziG--IQu9-QD00MHIee-5yBl7y-V295AXd9OmbSTfCHT4POPSzuaXzIUQYTX30leciCTu5qe3hxJXFpmxEd3c6Or5LNj9J5hB8oI2iFg9yfUHPawYo0K_jWUz3NrYqLpJ_uBS8PkRCG5dcx64okk=/905062_s.jpg,無精ひげがかっこいい！簡単な髭の整え方を徹底解説！ |
4,かっこいいヒゲ_5,https://www.osaka-babel.com/otoko_hige/,https://msp.c.yimg.jp/images/v2/FUTi93tXq405grZVGgDqG_mxLGRwFKKqk5ZX23jdlXiOh0HXZi8Xz4I4Koyc4HT09RxveRTCQBWTnue0EbUy-I_ItkoZUyJFsADSfHiqHhRBRN7yptXuzJtu_oNbGsqi8D7CrgkuRK5jEYpi1NNl9ltrARgdb4Rs7WXWb4vhPlCbrON8lJN_OKdGbKWMP1ONeJgfTJn6AYXOtCRwRmXl-_lZSpQAGnzxawGyms0q20eh5ZeEgiXBO2NVHRdREloS5yk5rYDaLXtGIi5Kjr6aXLV0FiI9Uga_CGR-64tNHvkMG_-kziPn8nnNSRkGsli9Ias9nqjGtr3XP7U8aKvYfA==/6628BA0A-A417-4169-B0A7-A62FA603E758.jpeg,漢のヒゲ》かっこいい大人の髭スタイル！整え方講座
5,かっこいいヒゲ_6,https://www.osaka-babel.com/otoko_hige/,https://msp.c.yimg.jp/images/v2/FUTi93tXq405grZVGgDqG_mxLGRwFKKqk5ZX23jdlXiOh0HXZi8Xz4I4Koyc4HT09RxveRTCQBWTnue0EbUy-I_ItkoZUyJFsADSfHiqHhSoPHTmgcr8x60q_ZXJbdWxCDI4Jx86P58BfbEe8agxYvYcwZcuxKH5B3lulH2Q4P2pFAQNaJ1IlOP0o-u_J2NqgEKGUtMmPDos7ZA-sBQmQ6aeEHiySb__BQrLhrs8Dxeg8C7VqK_L5fTkSxTyP394tZfkXDa38xzQReXKpnUu2iV58txLRsAXUPIcEwKJD-mH73v_Jg4hOj4zFTNz1tKl0q9wp9jvI__HF2y8_xI1x_KOs0HD2JdbiAMZL40A1VI=/6226C564-6C9E-4D3C-BEEE-FBC85FA11E85-200x300.jpeg,漢のヒゲ》かっこいい大人の髭スタイル！整え方講座
6,かっこいいヒゲ_7,https://smartlog.jp/5452,https://msp.c.yimg.jp/images/v2/FUTi93tXq405grZVGgDqG8yn5fUANGeLfP9Mytl2wRTobM0UUvQyBYm2AJ-hOnRl9RxveRTCQBWTnue0EbUy-OK0OHYrmy2OU6O68fv3jnol4TsIPWg-N6TjWOO5R9fdBPny39bZoYwqiVoHHWhLcCkJLaDyT64hzpROZy1hrOhGe88oZFixX3vdPYNry6aklnWB1h0-Domq8VDZ1lO5zj0DZWyN_7UKQXdDhwtrdvQggfheT3VZvQQXUlSp7XonFW8qCg9JccEDAkW7qgTayoAgOERmond4rce8jpRphSmrlg_CZut-1eRwx49pFTf5O-PcQysG8lgGZTWdTb3Jy1sIU6gWK3vRxUps9yKrDV1Ahbuoy5KmXmUjS8LU4HcuUcTxzrWJ86rS7crkCu7_mg==/00bbf078cef9ee8f5c412b4573448469.jpg,男らしいヒゲメンに！女性からモテるかっこいい髭スタイル7選 ...
7,かっこいいヒゲ_8,https://schick.jp/blogs/m_magazine/e_003,https://msp.c.yimg.jp/images/v2/FUTi93tXq405grZVGgDqGwPKw1ujTynt4jIrOtYCggzAkoydboTO8nqVxwUdEXk8nBtJFpwnoD8qrkHlYOCIjCF3UsAY_NAyRDc54zpfOJ-Ori-biuTcLQ0qnRsUGo4QY-fYpELC8LkBt8swnNEVZ6hH4YblbfiOHruEVrttjCWvnLmjHsn7lT3NWmdfmQaXIQoYcEvbVUbDyHluBD9W_kaVyPM2oMOzO7OqapMlEaA9x2d053i6yqs_-C4nX2J5mccrn3nn-eS7Wx-zgNy5oVwBKV_l2dBFBe7ZOHMRrd1Chfapta8e50XAWOZ6zQR3bMT8vy8-GvR4mPS9uAlgw4LDVXTxkly2OdMmaTHHa1unogLqeTd9MskeeNVTaGku/pixta_88751666_L_1200x690_db909e29-9fd3-41cf-acd0-00c461c9e1b4_710x600_crop_center.jpg,かっこいい無精髭の作り方！おすすめのカミソリも紹介 ...
8,かっこいいヒゲ_9,https://quattro-botanico.com/shop/information/beard_styling,https://msp.c.yimg.jp/images/v2/FUTi93tXq405grZVGgDqG9Jwex97W1FbWWCjeEPCYKmwh8Ih7lXfYwed6t7rI4jsabrFJQoojvm9iHz3kSpP9OS2ZvSRtkw28hWwPvwWoHY-253TcYQuAf1PvMimb7kCUOQ_t6NxP4FWQVOjzfJ1GKMqIvsSDxwmP6uotPUMdeSBpvILoNyhSjp2zCwh_CxiiibNth8a03ur_3X4PNZF-ykbkqjKswAjuBVYiRiTks6Vzua3c4MjoDAwngCiK_6XWFV00-fwYkXUln6Fj_cpyKWfW0QsRPF1zR5MAo0DOszKgWww6QFZ4kMijlCC_U1BpWHPYlJvdpnQXk0BoYoxHyhAq2t_taZbJX0tGJEGFHqM9PpHSoUytbxswQu3_MFA/4fec28039cfef3e09d425e9ca621b9499ee874f5-original.jpg,初心者向け】かっこいい無精ヒゲのスタイリングと肌メンテ
9,かっこいいヒゲ_10,https://www.osaka-babel.com/otoko_hige/,https://msp.c.yimg.jp/images/v2/FUTi93tXq405grZVGgDqG_mxLGRwFKKqk5ZX23jdlXiOh0HXZi8Xz4I4Koyc4HT09RxveRTCQBWTnue0EbUy-I_ItkoZUyJFsADSfHiqHhQa3laVWLbUYZVrtQ75bZjfvojD8oCwGGfoTGoJlUNAMjEICH6iLY_HUdyj_24bqJSpFAQNaJ1IlOP0o-u_J2NqgEKGUtMmPDos7ZA-sBQmQ6aeEHiySb__BQrLhrs8Dxeg8C7VqK_L5fTkSxTyP394nKhkV-74raX6MCWOBwCNwEoKKQ7DT0vdUaZH6MdP6a-Iy4EyM42h0El_n3jkCssGUEsd3m_GoZkIFkCAOwMCdPKOs0HD2JdbiAMZL40A1VI=/3A54C843-F240-41C1-A223-DA79962FD6B4-300x300.jpeg,漢のヒゲ》かっこいい大人の髭スタイル！整え方講座
10,かっこいいヒゲ_11,https://kashi-kari.jp/lab/beard-care/,https://msp.c.yimg.jp/images/v2/FUTi93tXq405grZVGgDqGw4rS8Eum4qpKoLIY44ziuXlgrFPK_7PXMpL2NYwrONR8xPhvOOa8YokQ0h9FkFsJttyPD_Gyk0bCLVP8vDDREVN_A1OrA-NXLLWa__HL0Bq8XpJFUiwn81vFiIu__54yf6M7eI3jAu3IdgPEpqqAGJOK6tGtIxl7D3ECeIUpqCfezd1rIcgSGdlK6Pl-2xm2xndkATWx77NHyK4odiR1WNFkReuP4ubzEXTRY0BRNIWz8zsgirFOkcZ05TYBVxVNR3rtY6vMPzExvi3UyQpLIY=/2014_08_01__6921.jpg,清潔感が大事！オシャレ髭の整え方と手入れ方法・おすすめ ...
11,かっこいいヒゲ_12,https://www.oricon.co.jp/news/2207028/photo/4/,https://msp.c.yimg.jp/images/v2/FUTi93tXq405grZVGgDqGzsxBwiJiVraNgd7o60HjQ1jV5HbZCVyB9cgjt9m79rJqEQsqVxBS2t6XmdK-O5Pm92Fdju7-xucXTa6NZMx56E-uO3n1vC_xyBK61asnWgImsAIT-x6idrWsefTEtGOVdPZ9PifslBHhvo9a50tZYbEzvnzj0aeN2-G_bcm7N5aM1tKiiPhoxjLfKMG10VBBUM5OV82IcMUX0iT0CVMIkSjwsoXoCNNEU8QlWiBt2EO_ibG5RliaWqDzeUJS8HMa3dlOHFBVJJfe581DtetMro_0FF0Zvoxji8XQdhNl6aqTbFBuwafrgvP99RKr0cFUHfZ4SFC045lY2B-y6ryyiVY5JC4001HC3NpQjiN0pEQbCMn9AZhjk0EJR5OFQnQZA==/2207028_202109150294040001631675904e.jpg,画像・写真 | MIYAVI、衝撃“口ヒゲ”姿「髭どしたー ...
12,かっこいいヒゲ_13,https://otokomaeken.com/hair/265680,https://msp.c.yimg.jp/images/v2/FUTi93tXq405grZVGgDqG9nA8EKWobqFMcsXCEmcFOeZI5JjPyEJWXqQnQtKM2cHe3gnMp-E27eV5vfBaCfWFL58TsD-a22Hhv8jMKrc08UggfheT3VZvQQXUlSp7XonFW8qCg9JccEDAkW7qgTayoAgOERmond4rce8jpRphSmrlg_CZut-1eRwx49pFTf5cVZ9ziNS-fN0UQW6rwn4nVaM9cb6BnUUeoJoHT24M58jg0gC5WF0ECbXQqR6gSIlYHUDtUJ5ujWvO8cKps7JiQ==/333.jpg,髭スタイルを好印象に仕上げるには？日本人に似合う髭スタイルを ...
13,かっこいいヒゲ_14,https://smartlog.jp/5452,https://msp.c.yimg.jp/images/v2/FUTi93tXq405grZVGgDqG8yn5fUANGeLfP9Mytl2wRTobM0UUvQyBYm2AJ-hOnRl9RxveRTCQBWTnue0EbUy-OK0OHYrmy2OU6O68fv3jnoXp3J2qLA5i6in-PwIENX891e4S1CuVWbZknl7eU62jEUkcK4Bae6sE4wZeE-KgnCkPd3fjQ6MjI-goeL81Cxrh59yLYi6Y52tDrN9kHBfbDJmc0R2I61hIZSiBRzUV-8yujkacz3-zhaQ-NJ_zN_sy0cgE1wElJaeNcwQ2Y2g5Oi560NY2g9JjFWI7cNYYe-txvrOGHIzEoxQQjhG_yJdn6n3ifkM70vbUXueko9MRpgUf9lS0LRCQ_i5MJiv02-M9PpHSoUytbxswQu3_MFA/1.11.jpg,男らしいヒゲメンに！女性からモテるかっこいい髭スタイル7選 ...
14,かっこいいヒゲ_15,https://rocketnews24.com/2012/07/13/229939/,https://msp.c.yimg.jp/images/v2/FUTi93tXq405grZVGgDqG_-ofQvXZMeRJlpnJ6xI9_6bG6ovhKFMMJMGXakz4NBXZaZSBf_SIezX_eaZTI-72rPCY1upVoHrDCyjIecP63WZPOGyq2_pAPVZ43cVQTgy8XpJFUiwn81vFiIu__54yf6M7eI3jAu3IdgPEpqqAGJOK6tGtIxl7D3ECeIUpqCfezd1rIcgSGdlK6Pl-2xm25iBt8bLexzbojIRQKhe5vkajSoud59xhtiuiwrZ45r3tIPKskzLhZpgsIR_WLxrNhBfrSYGY793BvXNIBOcQSI=/philips.jpg,不精ヒゲがカッコイイと思ってるのは自分だけ！ ヒゲを整える ...
15,かっこいいヒゲ_16,https://hadalove.jp/growth-of-beard-on-face-128062,https://msp.c.yimg.jp/images/v2/FUTi93tXq405grZVGgDqGy2c32bQiVV7HgXUwb-uUfJ122ucsGpRMMXHaqnPy2bQzM2IZUBZH84uewQEJki5Txg5PNOSYc_WTtT9FOmUWTYgpsb9sD5acdZYiwTmJtENLAHD5JCjpiUOTODuec_HAUqziG--IQu9-QD00MHIee-5yBl7y-V295AXd9OmbSTfCHT4POPSzuaXzIUQYTX30oh2jJlcVe8ANol_SEQr7smuO_-m5EGFzeyCdqKI0ogI5Kd1LWX5WoF9n5-CvrTn7n6U4JKtXWajr2NWRSfVi-I=/IMG_5688-279x300.jpg,男性必見】かっこいい髭の伸ばし方！デザイン＆手入れのコツ ...
16,かっこいいヒゲ_17,https://twitter.com/tanitanico7/status/1447599398087581696,https://msp.c.yimg.jp/images/v2/FUTi93tXq405grZVGgDqG_omiYkNVym1Sd6g5T38MuRLxbDmes7GEIPKJLrc4x8Kwtv2lcfIwPpn-ZGRK5LAkEaVyPM2oMOzO7OqapMlEaA9x2d053i6yqs_-C4nX2J5mccrn3nn-eS7Wx-zgNy5oVwBKV_l2dBFBe7ZOHMRrd3LhF2X8aBm604GIRxw0fhfImRRNRBN6tWrW43pb2UJz7_kppRNF1-O49TubYrRFRn8UdUg3S870EghtE1idcwu/FBbn-tJUYAQPkDN.jpg,"tanico on X: ""コロナ禍で、周りの #建築男子 (オヤジ)達は ..."
17,かっこいいヒゲ_18,https://www.philips.co.jp/c-e/mens-grooming/facial-styling/styles-and-trends/how-to-style-your-beard-like-a-pro.html,https://msp.c.yimg.jp/images/v2/FUTi93tXq405grZVGgDqGwJAhD5G5vpvr9JDZBvBzXXWnSaArgLXofbl4yxLupnycefROi7rdEHad9vrsPnFOtTQWwxrzoxLlFweqI61UNRRtbJ1V8mJ43mVk5_8K-SxzNoLPNTsshVh9MnoolFgkHYWHvVv0iKEX8za2chDek9gV6HyMenxSWPQi_xFjhS7wPwm4WJ-q58A5b6ER_edaIAb8FB72PEtBWQwvYzrZCzPJQVfe0n_YVs5FK58NEAWoXAtSgGV-lyT6U6aV2P_xgz9APU_6jtg-AVSN-fy47FM2PrmdOKqSg6D5iMuE7py0s8Jm7hdGnw-5CtosowgSyhvIcHmokKBsclMX1dzSHSjX5zHPeKTPlA_KTwuRKa8firE_NUtWmXya5iMR_VEYQ==/philips-japan-male-groom-style-beard-lifestyle.jpg,おしゃれな髭スタイルとその作り方| Philips
18,かっこいいヒゲ_19,https://maidonanews.jp/article/14763625,https://msp.c.yimg.jp/images/v2/FUTi93tXq405grZVGgDqG72v3-kru7lT8y2xfKQ24aHSSd5_iieEXyZuheCMUkRky7csjoLeOcXz_9JI7PChc3G37AOctI7o1FOdY7iEReeTEN9frEqd1Wm70mL-lDUwmt8S9uBsbeg42HiZbDS72ndF0YL0tXZFM7E6dcgzACyAQoZS0yY8OiztkD6wFCZDpp4QeLJJv_8FCsuGuzwPF6DwLtWor8vl9ORLFPI_f3g3VGW-h3cTE_oZNUq6hVHPm4hVCEVsQ3w4fj4Tuns6ts5-06-NvaqYaoSdh40UBCKWjbiDHmUDZMmIkgFN0wZgg2TUWon14TQrPwboFlQOaA==/4c0741f1bd7ecbb01819b02732dfaf2d_640px.jpg,ヒゲが似合う芸能人」といえばこの人！ 2位「竹野内豊」さん、1 ...
19,かっこいいヒゲ_20,https://currys.hatenablog.com/entry/2018/12/27/092617,https://msp.c.yimg.jp/images/v2/FUTi93tXq405grZVGgDqG7EWq3gkaBV51Iq32TvAcGrFGJLYXPsvUcTXV7P3YYThZwu87gLpK7_7hD_Dhrd1QlnHW_IS_06fQRmr8jfIXTFjWnkFn735R14Qp5hH9VEKHszPXVXjbiXGB6PLqzokXpus43yUk384p0ZspYw_U414mB9MmfoBhc60JHBGZeX7-VlKlAAafPFrAbKazSrbR6Hll4SCJcE7Y1UdF1ESWhK673ByXmssf3FladaaqUL2aMjT2bsUOZXreADFmDmJluAjvrrSbu81oRWq33naSTzSLWgmm7yIAkpBwY6dzmqX/20181227085100.jpg,ヒゲ研究完成版。長さで変わる見た目と難易度。 - お洒落と好き ...
20,かっこいいヒゲ_21,https://kashi-kari.jp/lab/beard-care/,https://msp.c.yimg.jp/images/v2/FUTi93tXq405grZVGgDqGw4rS8Eum4qpKoLIY44ziuXlgrFPK_7PXMpL2NYwrONR8xPhvOOa8YokQ0h9FkFsJitnwlSKm6YrbDZMgfxVzFbDlm1qZsr77H4JTQwSFoTWTgpF2ZZJmadikW64Ca7ZJPF6SRVIsJ_NbxYiLv_-eMn-jO3iN4wLtyHYDxKaqgBiTiurRrSMZew9xAniFKagn3s3dayHIEhnZSuj5ftsZttSUyJPdlSBJGxDr4FurdqA-BuK-ekL3538vpIsElgWMOnxM0P6Ma63lMAFVrlyP41NQGOJtivAT2hjpqDws3Wf/dc51dff4cd9f711941be29fb94d1b3ad.jpg,清潔感が大事！オシャレ髭の整え方と手入れ方法・おすすめ ...
21,かっこいいヒゲ_22,https://ha-no-ne.com/column/article/0000062,https://msp.c.yimg.jp/images/v2/FUTi93tXq405grZVGgDqG5OaCUfdfJzIk4db-_Mk8WjkUTYgapja2K2ouYZEG2u_JDCU8n7hG2em11J0fumG5mXBHOFYsgCpsAve2MSlOg_BMoPYG-HUNRZF1x8CDzGsy-Ij8CrYkQpp5pB2_lheaIH_QYZecdTV2ByUR4HWSc58sZv5YCy3kfPXOGaVQYTd1XhkroQNsEiP_Vwuz1EDuhhOdMOpmwT6ujKS_BAQwCKe-ThGy8cdX26tWWIOj9znyGYZRTdM1x-IlvKg3gk-gA==/007531680.jpg,かっこいいヒゲの条件は清潔感!?女子ウケが良いヒゲとそうでない ...
22,かっこいいヒゲ_23,https://encount.press/archives/54641/,https://msp.c.yimg.jp/images/v2/FUTi93tXq405grZVGgDqG2jZ8e4l7qBfeKXuxl4msS6QACSwYqIuW-N3eY9zonbholc77dtjHshV6bTJi6ZEUm1ZOTSFQbq4nY4pb1MqTUR3nSbbDJ9UKfz6oimIbTABXyCoMDXxjBaFBKoQdYYwjpus43yUk384p0ZspYw_U414mB9MmfoBhc60JHBGZeX7-VlKlAAafPFrAbKazSrbR6Hll4SCJcE7Y1UdF1ESWhJL4muGs6eg7xO3Lz-55x9wv6wOE5i0vsKyauhW2_vE0vu54JeYY2VBSOH60BSjvEjrY-c-QPumcFG7ewg3fMtO/5352f3f5cc2c1438d670e4a502078f03.jpg,"香取慎吾がインパクト大の""ひげ男子""に変身「めっちゃかっこいい ..."
23,かっこいいヒゲ_24,https://mdpr.jp/photo/detail/8724330,https://msp.c.yimg.jp/images/v2/FUTi93tXq405grZVGgDqG3J2eOVQC6OeOFGcUISN3VPXYCJzI6yhond1EF8cf0CHZtdmpglXRQwHJ2rPubdBCmZI_otl7AY8CpmvX9Q6Rc4YpEQJduzrsyn_5XzXxH4lsVRiL5VRo6Tqh5eghYsmb5VuyWnTQdIImcCarsIDm-p4xPXTUdRdstCpVlxkPg3i2wXf5tGWtQDR9LV-nxhX8WYzTJYAntpRQcNKO1vlSe-FbFqaVzd9RVCmD05WOvPtFDHRXu1-6NOyi5Cqr4mD4hpO2daJUW8yZ49BGN7xxmMY6seXs3XCaUAbfeEx-A2jP4eOyjwNdrcDE1ITVtUoiJy_DhF0D09Yw56Hhh5W2qZZV3SndF4bJmTpAc9tRtuW/WIF_h4j-2-vdK8TPjyzsPPUYeLQPJlud3q3X4xjRjck.jpg,画像2/3) King Gnu井口理、“ヒゲなし”姿公開に反響「かっこいい ...
24,かっこいいヒゲ_25,https://news.allabout.co.jp/articles/o/37359/,https://msp.c.yimg.jp/images/v2/FUTi93tXq405grZVGgDqGyT8LYFcthQDA-DS2mkMeIkOxsaovFp0WhdR0EUoZgtAuq1NZM72wIrWks2KXza8Odvsj2aOPEoizc8G4-7SV4VQw6i306z96J0Sm7E-Zb4-Q5phwfccDX4DpXqnSPTTWezPMJtkQ1PNr5iBTdT7-EWFbFqaVzd9RVCmD05WOvPtFDHRXu1-6NOyi5Cqr4mD4hpO2daJUW8yZ49BGN7xxmNpbTdpYGruM58yBPNZu9ViyYMtb2DREeZCnwU0-dh2bkvgVqJnyAoPuWH4tHD9HzhWsODUGr2_bG8-tBOpmUeD/61f751659660a.jpeg,アンガールズ田中、自宅待機で伸びた“ひげ姿”に絶賛の嵐 ...
25,かっこいいヒゲ_26,https://news.livedoor.com/article/detail/22814672/,https://msp.c.yimg.jp/images/v2/FUTi93tXq405grZVGgDqG1clYGsAS9i-Rfm5K8e_B4OeVvQLalk9evHR8hHz76Q1siSiRb3JdMCdkAt2g9xOecHjTYhooj_3T0ZI9ZaU3mnMyYe0AJZLoUDb3ZAxto3WF0wmLbrhFxv6gF3LVWipJMEyg9gb4dQ1FkXXHwIPMazL4iPwKtiRCmnmkHb-WF5ogf9Bhl5x1NXYHJRHgdZJznyxm_lgLLeR89c4ZpVBhN1HwfHQIfi12Be8ubvvVlRejw_rKOWWlgB-H9brCl2TyBKW00zc2eBU97ln2EvH2m6qmZhmm6sdbncmagUFLzMi/de2e9_1628_ceb37a48_1116df3d.jpg,カッコ良すぎ」三代目JSB今市隆二、あごヒゲ×白Tシャツ＆デニム ...
26,かっこいいヒゲ_27,https://www.pinterest.com/pin/249949848055319909/,https://msp.c.yimg.jp/images/v2/FUTi93tXq405grZVGgDqG6CX7bFaQ6O-4GUHsIE4EGzY_io6Akb8nPpuGyQF86a3DXYgYXnRtqKBRgeAqUyCa4XRi9b1vYdjdkJZEavT4IbPZE--ZAwdvNn6wvQY2Hk2aE4-W9uPEB76D8ZD-3inzOxrYG5tFG5kVMAHJXNVkDgUUjQfrSz3EoTjCHnQc5VLy081uZa8lDuwdcy3vRMShvlEiCnbv24zTRlSh7D-5P2__nsp7rT4b6Yj6V_1LOcE7Rt-klWn3A6bDlvvN2nyr713lZA-J2UKvM3CwzBzdgs=/284c6db7a0783675e1029281ee73f2ed.jpg,来た来た〜💕💕💕メチャカッコいい〜😍顎髭ある〜😆💕💖今回9月 ...
27,かっこいいヒゲ_28,https://times.abema.tv/articles/-/8621696,https://msp.c.yimg.jp/images/v2/FUTi93tXq405grZVGgDqG72r3fj3pId1mlItaWm0bX6BsEaYZbQAOqzfnw-cFVXzeOlePsGJVbv79jGKtrcmk79OupcfJ0Eyp7qOcv3wcm4cUWTz4nM5LF1gcBFK6BCS2Nn6RRqgheQFybBlLa9Lh-zPMJtkQ1PNr5iBTdT7-EWFbFqaVzd9RVCmD05WOvPtFDHRXu1-6NOyi5Cqr4mD4hpO2daJUW8yZ49BGN7xxmN6BIHTGxHMspCSZu94jCSXuVX-_byC4HYb3cfxUjG8rSn3MWfyS7JpfPtsBo2T8foE5H0VUMHlSyOC-xRFmY0pg2TUWon14TQrPwboFlQOaA==/img_7961815be3b1d6a3b029484353bee552137400.jpg,喜矢武豊、“意外にしっくりきた”髭とメイクの組み合わせに ...
28,かっこいいヒゲ_29,https://www.news-postseven.com/archives/20220902_1789976.html/4,https://msp.c.yimg.jp/images/v2/FUTi93tXq405grZVGgDqG5i55N2lyLo_giOOZeEfZc1aneOagnyJ9xc1X37iIhS3Q3DglMTuTp3wPNoJ7b3rMC_f8EAXijX7qhrP3Be7Z3KnoDmrELeLP4iZNqHq6ItiIIH4Xk91Wb0EF1JUqe16JxVvKgoPSXHBAwJFu6oE2sqAIDhEZqJ3eK3HvI6UaYUpq5YPwmbrftXkcMePaRU3-eEFFIeX4rDXYr6ogkWICaePM5UgoouovHq1-hNwKL_x-i30KASnsEmbvtisb95ry3kZmoZGkqCYB5KbPSwspgI=/higashide_01-750x500.jpg,東出昌大「老け込みすぎ」「逆にかっこいい」ヒゲとゲッソリな ...
29,かっこいいヒゲ_30,https://www.philips.co.jp/c-e/mens-grooming/facial-styling/styles-and-trends/how-to-style-your-beard-like-a-pro.html,https://msp.c.yimg.jp/images/v2/FUTi93tXq405grZVGgDqGwJAhD5G5vpvr9JDZBvBzXXWnSaArgLXofbl4yxLupnycefROi7rdEHad9vrsPnFOtTQWwxrzoxLlFweqI61UNRRtbJ1V8mJ43mVk5_8K-SxzNoLPNTsshVh9MnoolFgkHYWHvVv0iKEX8za2chDek9gV6HyMenxSWPQi_xFjhS7Y9vHKolw8YXSnWb3ZEizKF5AIkF5ufravNJxcETSXVQyZnNEdiOtYSGUogUc1FfvMro5GnM9_s4WkPjSf8zf7MtHIBNcBJSWnjXMENmNoOR5bJLEO1kHnls9kkIt5YszFwyyHpSTQ6e9vddyUCruMo5LStOstRHaO49WFyxDD-CBggIT0XlI7yeBDYhMFE6L8o6zQcPYl1uIAxkvjQDVUg==/philips-japan-male-groom-style-beard-models.jpg,おしゃれな髭スタイルとその作り方| Philips
30,かっこいいヒゲ_31,https://pixta.jp/photo/99976913,https://msp.c.yimg.jp/images/v2/FUTi93tXq405grZVGgDqG4BnHQ0tsXWUF93DgZDpvMbXTtqovqTX4ZV-bmYr6RaZ3lDgu2f0EPVqmyKwBnw6W-zPMJtkQ1PNr5iBTdT7-EWFbFqaVzd9RVCmD05WOvPtFDHRXu1-6NOyi5Cqr4mD4hpO2daJUW8yZ49BGN7xxmOuv62QBbebOPTcnjGAkPUAGRcFSIcCn6KU5t38Mmwcj0lacFHqOg87c_w6oD1uDc9MN-WjGTPWApcBv4eZJfNH/99976913.jpg,肌の綺麗な男性 ポートレート 美髪 脱毛 ヒゲ 白Tシャツ ...
31,かっこいいヒゲ_32,https://www.oricon.co.jp/news/2177479/full/,https://msp.c.yimg.jp/images/v2/FUTi93tXq405grZVGgDqGzsxBwiJiVraNgd7o60HjQ1jV5HbZCVyB9cgjt9m79rJqEQsqVxBS2t6XmdK-O5Pm92Fdju7-xucXTa6NZMx56E-uO3n1vC_xyBK61asnWgImsAIT-x6idrWsefTEtGOVfQEr2ZY7AXZhWLSuHNkw4bfQ_XhMBg37W0qGlpDEzrxItqR_JoKXhUHxJAAYpP17j6_gFYlB7MHKUXtah_zq5SjwsoXoCNNEU8QlWiBt2EO_ibG5RliaWqDzeUJS8HMa3dlOHFBVJJfe581DtetMro_0FF0Zvoxji8XQdhNl6aqSBxPcmofT5ayyjFlvDIfNsSVYb54QNXkdDKbuKaFEmDHWpkO1UBDzAo8iOWZ8VxYOKd4mNYXKvDw3x2_Ph3TEA==/2177479_202011240230105001606206517e.jpg,星野源、ひげ姿に“かっこいい”コメントが殺到「伸ばし始めたら ...
32,かっこいいヒゲ_33,https://www.datsumo.salon/index.php?QBlog-20230320-1,https://msp.c.yimg.jp/images/v2/FUTi93tXq405grZVGgDqG4aUexktVqLT1vXcTuqFzxPOLMFSIiyhTcetGFgmCTdhf5f-w2Vl59rD0tVITUdHTHvNpb4Yaaww0gyMOW3uTBhGmdOFLmcIIOjRk0XbTOLZm6zjfJSTfzinRmyljD9TjXiYH0yZ-gGFzrQkcEZl5fv5WUqUABp88WsBsprNKttHoeWXhIIlwTtjVR0XURJaEpalzBa0VckS6TWQHP6un6KjjFnqVXB7kzR238vhqsLv7NCFoN0mw21HUe62W5xgU0g8d_INa6BvpBeEqOeaXNM=/EC4EE5EC-B45D-4242-A2BB-8C8E5EB8DFE3.jpg,デザインヒゲはお任せください - メンズ脱毛RONブログ - 新宿 ...
33,かっこいいヒゲ_34,https://smartlog.jp/5452,https://msp.c.yimg.jp/images/v2/FUTi93tXq405grZVGgDqG8yn5fUANGeLfP9Mytl2wRTobM0UUvQyBYm2AJ-hOnRl9RxveRTCQBWTnue0EbUy-OK0OHYrmy2OU6O68fv3jnpqpP4sS4hbfv9HoQCYqnDqD4gYEqQr1Eo08eOJ1Znp7t5m7KCBU6NUkS_N_-bB2cdGe88oZFixX3vdPYNry6aklnWB1h0-Domq8VDZ1lO5zj0DZWyN_7UKQXdDhwtrdvQggfheT3VZvQQXUlSp7XonFW8qCg9JccEDAkW7qgTayoAgOERmond4rce8jpRphSmrlg_CZut-1eRwx49pFTf5swJszP2dt1BBcDRXwYHkLwT0TTbhJ-yjgKFVpQiUoWU87oNfE7QsoXXC2Hx3_EufA4Wt9nPsOsyJ9GBf4Cg1QQ==/38eb32f08fabc470555e64208a3289ff.jpg,男らしいヒゲメンに！女性からモテるかっこいい髭スタイル7選 ...
34,かっこいいヒゲ_35,https://hasigo.net/%E3%83%92%E3%82%B2%E5%A5%BD%E3%81%8D%E9%9B%86%E3%81%BE%E3%82%8C%EF%BC%81%E8%89%B2%E3%80%85%E3%81%AA%E3%82%A4%E3%82%B1%E3%83%A1%E3%83%B3%E3%81%AE%E3%83%92%E3%82%B2%E3%81%AE%E7%A8%AE%E9%A1%9E%E3%81%A8/,https://msp.c.yimg.jp/images/v2/tpvPBYOX1wpNVI1UoNSgEm6vHck3duqVILGQXG7uroTLiJlOV258tTKjNtwKxI1RXgJY0hSO60JSEbNetrcVAt9ydg-xgFdc_D5RRjb3tYCFX4O-dJTHF3_Ur-alo42xzyUFX3tJ_2FbORSufDRAFqFwLUoBlfpck-lOmldj_8YM_QD1P-o7YPgFUjfn8uOxTNj65nTiqkoOg-YjLhO6ctc38tkTCE671FfYcuaAF8SVlDnGMQ7NOqyyasuXdOb6pqp2z5VcGuJLQ9xCoG5cKBTQQbzQ0p4caWkyaSELo94=/img_0141-300x296.jpg,ヒゲ好き集まれ！色々なイケメンのヒゲの種類と形を見ていきま ...
35,かっこいいヒゲ_36,http://kaigai-manabu.com/menshair-hige-0213/,https://msp.c.yimg.jp/images/v2/tpvPBYOX1wpNVI1UoNSgEhD_1chpQSV8KMgieeUNdpGbG6ovhKFMMJMGXakz4NBXShtelAXGLOfLAGJCbUWTqANWnGvclzqQt4eZtShvgXWGcEqcbujlTIIYUUaua2rPUvHc5t-fAkJH05CgepKv5kaVyPM2oMOzO7OqapMlEaA9x2d053i6yqs_-C4nX2J5mccrn3nn-eS7Wx-zgNy5oVwBKV_l2dBFBe7ZOHMRrd3SRdkFGCC7w8ooF9SdRp2ilP5aGCfv1r00hgvoWwg1v6_6opMRTgxYJU6tmKWeZCxHYJBsXU-kvvnEapPfBmoS/2016-Mens-Hair-Styles-with-Beards.jpg,ヒゲに似合う髪型まとめ！髭の長さ別かっこいいヘアスタイル9選 ...
36,かっこいいヒゲ_37,https://www.youtube.com/watch?v=QE9iRElZzEc,https://msp.c.yimg.jp/images/v2/FUTi93tXq405grZVGgDqGxuQACxqi0fkbGNWy3I1FNWpiFD5OG45ca4NYvB_bKvsVQslX7Wlqim-xJU-PiHr7IHm0tpPc8NXOtOsKL6RBf3LSpj98S3BYhf4WOPzNeqWb_yxVk9Qy6nCUDMgfY7UlZsr59ZaF7wjk3jL2UrXOjIq62CwnXgJK6zU85MsSgKDSJLzDQewJiYHDL6QsazRNpL_8qXPXgbZTiimP1AiHvgpG5KoyrMAI7gVWIkYk5LOlc7mt3ODI6AwMJ4Aoiv-l1hVdNPn8GJF1JZ-hY_3KchsXxSgh1QfRPOTF_sJuSfPl6-QuHtEYrXkFRBWA374HGP2tUC8W7EtELbq2z-zEsHKYEWdVdIBrjyeeup8YKayjPT6R0qFMrW8bMELt_zBQA==/hq720.jpg,清潔感とおしゃれさを両立するメンズのヒゲスタイル - YouTube
37,かっこいいヒゲ_38,https://www.pinterest.com/pin/780600547898060887/,https://msp.c.yimg.jp/images/v2/FUTi93tXq405grZVGgDqG6CX7bFaQ6O-4GUHsIE4EGwAzf_5mDaCRbs8QBAZFVaZv78RvT97KrGMQkI-5o5er95xD0EaGtgHYEaLy91lOJb60N9z_xuQKjRBCoA_QSCDo8LKF6AjTRFPEJVogbdhDv4mxuUZYmlqg83lCUvBzGt3ZThxQVSSX3ufNQ7XrTK6P9BRdGb6MY4vF0HYTZemqmgvwxMWxA0sOTTGiCKE_8BjQF8xHTD-gi7Fe2bCuBwN-Vg4agJ-3TBvRZvbzyDaTz3M4ox9aAqpx-uMXchhy5g=/caeaaa472936fd421e9f20d5376ab95a.jpg,カッコいい顎ヒゲを世界中から集めたヒゲメンコレクション ...
38,かっこいいヒゲ_39,https://www.cyzo.com/2020/05/post_239817_entry.html,https://msp.c.yimg.jp/images/v2/FUTi93tXq405grZVGgDqGx-vc63NjbiktV90BHoyYbAP-exZ-24UX98A_XultMjYbZrgeukF8dzOk1A3wmIUtI7y5e0xswEqSTzsHhrXNfL_ATd7rQD_VO2iu9v0rQSgRpXI8zagw7M7s6pqkyURoD3HZ3TneLrKqz_4LidfYnmZxyufeef55LtbH7OA3LmhXAEpX-XZ0EUF7tk4cxGt3VNOymTNmbEuQei1SDhA9u8ufQwlxWl1pK9DrvVm0aqPptgSV5Q77uwA-9DdBDEnDhXT5rBmWhRhHC_mgr4fzxs=/yokohamaryusei0504400.jpg,横浜流星、ワイルドにイメチェンした“ヒゲ顔”に大反響「こんな ...
39,かっこいいヒゲ_40,https://www.clubd.co.jp/menscosme/post-346695,https://msp.c.yimg.jp/images/v2/FUTi93tXq405grZVGgDqG_EtghWNYB1Jzb3Q72QYRJz-8oqSvud9Isc9eL23vFvUe3gnMp-E27eV5vfBaCfWFGs0TCEX3TUCBQ3zZ2mXkjO30ZNzasbiO7VBmLJwSWc-zyUFX3tJ_2FbORSufDRAFqFwLUoBlfpck-lOmldj_8YM_QD1P-o7YPgFUjfn8uOx2fn62KOG9FjXye8Hh0-JxnzNRvDz58IwWp7vHVk05v4jbUoDxvmU6t2_ALA82uMhfYJXRlSg8yfbBaOY7z0zhbTYfV-peBiKDdyGU4-dt6g=/mens-beard.jpg,メンズのヒゲはNG？カッコイイヒゲスタイルを大解剖 ...
40,かっこいいヒゲ_41,https://pixta.jp/photo/99976914,https://msp.c.yimg.jp/images/v2/FUTi93tXq405grZVGgDqG4BnHQ0tsXWUF93DgZDpvMbOj92jl_REHRjAsqoU5J1r0WSRhfMDLSm5V6p4gfOQBOzPMJtkQ1PNr5iBTdT7-EWFbFqaVzd9RVCmD05WOvPtFDHRXu1-6NOyi5Cqr4mD4hpO2daJUW8yZ49BGN7xxmOmc_PixinWmkG3D1GCDPyk8p_G0-INKhFXOJxFKtW__SwhZL6IrITXKh6Cx2qSVaMZq5LKeaStoADA6EZISncAg2TUWon14TQrPwboFlQOaA==/99976914.jpg,肌の綺麗な男性 ポートレート 美髪 脱毛 ヒゲ 白Tシャツ ...
41,かっこいいヒゲ_42,https://ameblo.jp/jewelryeyes-school/entry-12639562628.html,https://msp.c.yimg.jp/images/v2/FUTi93tXq405grZVGgDqG-Bd7WfZVnFnM15Po707LUsY7suobAlp-fyfIxP2frLeYqXodC0SCl3z9UrTwFVi9vzatgrV1YbroWwKzkLkFYOWiqfMQ4DgGQUK_3tLDjFTSatXOLbRbNwOKSQBpcY4B3KOtJsn6GvDSWcCbkS9jjqjwsoXoCNNEU8QlWiBt2EO_ibG5RliaWqDzeUJS8HMa3dlOHFBVJJfe581DtetMro_0FF0Zvoxji8XQdhNl6aqHsfzRlu63q4r9upua0xrOevBVHnHsC23FIOIUU5I9fUgqVoPGiRBtOGEVagWCN1XnBQ5rE7gttJFQoFejQ7q2w==/o0800106714860917107.jpg,その無精ひげはただただ不潔なだけ…！髭脱毛でかっこよく ...
42,かっこいいヒゲ_43,http://kaigai-manabu.com/mens-hige-hayasikata-0211/,https://msp.c.yimg.jp/images/v2/tpvPBYOX1wpNVI1UoNSgEhD_1chpQSV8KMgieeUNdpGbG6ovhKFMMJMGXakz4NBXShtelAXGLOfLAGJCbUWTqLJBXx5cLajXHTSNTsjqjx8pDRbrZ1quh9T0XPtH7qRPcnjsjqwYVsG0HkTv0p_dCRYlL5Gm-Z1bZ9GN2SGtSamGPjWZ_iqI3UqRB-DXTeoTHivtmMcyj8NxY36Wp5_DmVP0hhOKE0WV02xp8COfSD8pG5KoyrMAI7gVWIkYk5LOlc7mt3ODI6AwMJ4Aoiv-l1hVdNPn8GJF1JZ-hY_3KchSvbw0A7P_BruLu3TCAkRZjhtTW4oS3UhsL9VjaTaKT41ggBR-7haBdVMUjNTxxXX2IcWC5u9uzC6kd3Ll8ruA9YDOB6c2a-Hqv-4fKc71sg==/mens-haircuts-haircut-by-menshair-menshair-menshairstyles-menshaircuts-hairstylesformen.jpg,ヒゲメンがネクストブーム！？外国人に学ぶかっこいい髭と生やし ...
43,かっこいいヒゲ_44,https://dime.jp/genre/1355396/,https://msp.c.yimg.jp/images/v2/FUTi93tXq405grZVGgDqG6GabjxuJPc8YrD8yz1c9hFERtdcN_0L4VPsmM3JK4faMiD7wPj4YdAP4xYll_0OW4bVSTzvw91zZ45zkezTxNDfa6oZzkSbtxHwklUOYc9gXkAiQXm5-tq80nFwRNJdVDJmc0R2I61hIZSiBRzUV-8yujkacz3-zhaQ-NJ_zN_sy0cgE1wElJaeNcwQ2Y2g5Oz6kX0UJY8nKam0cn0vVAcCtqlkhM8oHoRk4qT0-dPI0GmdyQqTlYC01UGZhJLmjNNH5phS1DVEazKvjyqtzt-M9PpHSoUytbxswQu3_MFA/21835_75985defe70c5e2e83f2e2a8788d880b.jpg,阿部寛に学ぶかっこいいヒゲのつなぎ方｜@DIME アットダイム
44,かっこいいヒゲ_45,https://www.wws-channel.com/news2/206152.html,https://msp.c.yimg.jp/images/v2/FUTi93tXq405grZVGgDqG-m4OpJx-bQI3RZr8TI73D34Vz4xKmItVsiTos5l2Yn98xPhvOOa8YokQ0h9FkFsJl_XzqPApKN9jEMIlK_gZFAqu9tcu3SBje_KyOmP-LgsrtvQGdN0sJvM-MC0TacXuA2Ycm_Zx_TOBZLXvYlpOYV-rdmS-JDkd7d-jpzP83NdpnGaAUR0zdTA4VqYfWKnZLNz9H8nQV3oNHGPMNPFL-3VEfM8pPOtGVPsdA7_Ioq73QZ3kJ4K4jMGalGWHpG_f_WAzgenNmvh6r_uHynO9bI=/K00-7.jpg,香取慎吾、ヒゲを蓄えたワイルドショットに「セクシーワイルド ...
45,かっこいいヒゲ_46,https://thetv.jp/news/detail/244110/,https://msp.c.yimg.jp/images/v2/FUTi93tXq405grZVGgDqG_woZD6HO9t9L22eiJ7mCvmKv5Oqqtl_Cf2sVouyocH9GWNJBBga_fYU69Tiq_RgxifKaOG4V0JVCsQAxACK78fPJQVfe0n_YVs5FK58NEAWoXAtSgGV-lyT6U6aV2P_xgz9APU_6jtg-AVSN-fy47GGdaZe5tO-t73x4SIr5VCCJQ-yaGDTsi3tTfadktEtWzAqCXtGbCriWQgI_kTgXgd6xDBNul3fBunFm2BZCKaZnxh5FqDJi2_TWAFydufMJw==/1538943.jpg,山崎育三郎、ひげをそったスッキリ顔を披露！ 横浜流星との2SHOT ...
46,かっこいいヒゲ_47,https://mirrorz.jp/article/hige-danshi/,https://msp.c.yimg.jp/images/v2/FUTi93tXq405grZVGgDqGw9oMoWrzaki1DEEFWYEhlyJx605ei8zPIA5rCAXye5t2-eSpLlRzeqxzAqahOHcVwFV5t8IQOpeAGqPU009HzLxekkVSLCfzW8WIi7__njJ_ozt4jeMC7ch2A8SmqoAYk4rq0a0jGXsPcQJ4hSmoJ97N3WshyBIZ2Uro-X7bGbbn3zZd1CuWyGlUoro3fUwax7tXk7qEcdBA-hjz3nZKBPZbkSFTmuYFTKmJ31Y8Qaeqv52P8KG3WHz0bpf5jOF8g==/600x4002x.jpg,ヒゲおやじ〟は、ヤダ。あごヒゲの似合う、イケてるヒゲメン ...
47,かっこいいヒゲ_48,https://www.daily.co.jp/gossip/2023/07/01/0016536448.shtml,https://msp.c.yimg.jp/images/v2/FUTi93tXq405grZVGgDqG2ftaRPjdMS7HugB2ZYKVds4yTm9vC0ut5S7sQCK0jZWtW9k7njVyeRzJUWjCChbhYjng4keVm8HlSsOsh-CeibszzCbZENTza-YgU3U-_hFhWxamlc3fUVQpg9OVjrz7RQx0V7tfujTsouQqq-Jg-IaTtnWiVFvMmePQRje8cZjtWGs1f05GsSUx75RlUiH5_hPuTC8pQIVbmwjTZlAGMmtkhyWWrrZCDtJymQPQ0RDfJLskF1oJ9zN3zGM9ykx6Q==/d_16536449.jpg,坂口憲二 無精ひげの色気ドバドバ写真公開「朝から目の保養 ...
48,かっこいいヒゲ_49,https://thetv.jp/news/detail/1027119/10241620/,https://msp.c.yimg.jp/images/v2/FUTi93tXq405grZVGgDqG_woZD6HO9t9L22eiJ7mCvlZc9a2ihXjL3BESQuiIE9sNdqxcpIzZ3Yl6dHuYdyj2K3ja0NNWYjjGmiyoHBuns8sAcPkkKOmJQ5M4O55z8cBSrOIb74hC735APTQwch577nIGXvL5Xb3kBd306ZtJN8IdPg849LO5pfMhRBhNffS3nL3xDlH_BBbViztJ85byvTbgYz-uiMZ4uoTJ7bdYSVMqhEzyTZ53d5Lz1rPF6MkUHE7EbDBwEGp3Bbb9SVLng==/10241620.jpg,画像・写真 福士蒼汰、男前な“ひげ”SHOTでファン悩殺 エイプリル ...
49,かっこいいヒゲ_50,https://davide-cl.com/column/2134/,https://msp.c.yimg.jp/images/v2/FUTi93tXq405grZVGgDqG-LqSYDb8nuSnDt4oO9iaTKQACSwYqIuW-N3eY9zonbhlf81_oHpX_Bo2aua5uCg-He99SizKwoDHNsoM2vpTtnol5qie_uqSf9W7sjzSk237M8wm2RDU82vmIFN1Pv4RYVsWppXN31FUKYPTlY68-0UMdFe7X7o07KLkKqviYPiGk7Z1olRbzJnj0EY3vHGY-DCVCyswMaEJzXP5IB8wA4bi3OiNzgtHZ-GO6_zAZ_DyUbpqd7lRftsMXCKkpwUQGHjCseK10zs80pfu35wWAmDZNRaifXhNCs_BugWVA5o/shutterstock_1734280910.jpg,モテるヒゲの長さはどれくらい？好印象を与える男になるコツとは
50,かっこいいヒゲ_51,https://happymail.co.jp/happylife/special-feature/popular-mustache/,https://msp.c.yimg.jp/images/v2/FUTi93tXq405grZVGgDqG5ryILNkk4evCkkEeHbrO9cg5LAK885CKoc5aUFLjGQsddtrnLBqUTDFx2qpz8tm0K_FUW2hmUzZuJNoJprinZ6ArHFzBieAJ4W9NvZhm-MAd0XRgvS1dkUzsTp1yDMALIBChlLTJjw6LO2QPrAUJkOmnhB4skm__wUKy4a7PA8XoPAu1aivy-X05EsU8j9_eCrK0rZUobayjM2pNuLoBFNsV_HMlEzyQmQoeqF-k2Jzw12iUYaYyNw4KhHKuUbh3cHGDFN1DV-xJ_LwfLqc2zPyjrNBw9iXW4gDGS-NANVS/image2-131.jpg,かっこいい髭になりたい！女性からモテるヒゲのポイント＆NGヒゲとは
51,かっこいいヒゲ_52,https://smartlog.jp/5452,https://msp.c.yimg.jp/images/v2/FUTi93tXq405grZVGgDqG8yn5fUANGeLfP9Mytl2wRTobM0UUvQyBYm2AJ-hOnRl9RxveRTCQBWTnue0EbUy-OK0OHYrmy2OU6O68fv3jnq7tG2a3A7yQnzj8Vrqeog4rbR_HdY3nRDxKBY4SZQEmSbyf721GlJhnk56uBNAchBexMOIXHDspsuMUzXliMuftN5Bo5wom50vJUHPy8PJIoBChlLTJjw6LO2QPrAUJkOmnhB4skm__wUKy4a7PA8XoPAu1aivy-X05EsU8j9_eOPyxMjseQl88aLpBSHW0FAp_Bja7z2sNU-HYI2wseBvU4t9lMXfADS6bRCZnIptQAvI0VOkE_bZN4vOiPt5WDvyjrNBw9iXW4gDGS-NANVS/1.1.jpg,男らしいヒゲメンに！女性からモテるかっこいい髭スタイル7選 ...
52,かっこいいヒゲ_53,https://m.youtube.com/watch?v=BpBu1eMuxN4,https://msp.c.yimg.jp/images/v2/FUTi93tXq405grZVGgDqGxuQACxqi0fkbGNWy3I1FNW_8AG43Tmv5qpJsf5Z9g2WP4MrCN57qah6HHqcyizevjMwqx4j6JcYDIcqw_MaPg6u29AZ03Swm8z4wLRNpxe4DZhyb9nH9M4Fkte9iWk5hX6t2ZL4kOR3t36OnM_zc11XDF7525WJ4nBp_bTXHaww613Oh6GZrxLcF-oYsolrECB_ZZsP9I-dCP2pxVlxb7bO2kmZM83v6dTw1WpafFH8FNBBvNDSnhxpaTJpIQuj3g==/maxresdefault.jpg,髭の整え方】自粛中だからこそお家で挑戦できる清潔感もあって ...
53,かっこいいヒゲ_54,https://mens-rinx.jp/contents/higecool,https://msp.c.yimg.jp/images/v2/FUTi93tXq405grZVGgDqGyog-gqCMlQJLQV1grnpXFUjySUd-RzTupyPZUY5LE4PiR8iq4CX0FbX4WS8DxfFNN6wJWeN6JXYEeSXK7FwXXczDM8JL2-ThdBqbQNsonc8d0XRgvS1dkUzsTp1yDMALIBChlLTJjw6LO2QPrAUJkOmnhB4skm__wUKy4a7PA8XoPAu1aivy-X05EsU8j9_eCUGZqAhYbh5-Q4NgsCWw5IjJ9Z2wl4LFAUdgTeIZn6gOln64vln5CguD9YcI1g2WrHo9OrlyqVXDpR7V4-9dhGDZNRaifXhNCs_BugWVA5o/higecool-top-1.jpg,女性ウケ抜群！カッコいいヒゲデザインとヒゲのお手入れ方法も ...
54,かっこいいヒゲ_55,https://seven-7.jp/mamechishiki/clippers-nagasa/,https://msp.c.yimg.jp/images/v2/FUTi93tXq405grZVGgDqG1ml5hh_-E8SsZJlinGM8S8QiiVXvDtfRLGDrYGK6WfcnQHamP7QnmLoG5khPe0MRlfGDOt9l3YkW2RlT1Z4tu-SsGt4cGh3pkbVAdv2iGz-Xi0b7GryRMJkdyh6JAWcracZOk3bg_pji5PjErLFEWa5lp4ZGKBw0V9Sep_-6o3tcl7O45TeZag4wH7o-xonh9kVfsUegLSKbRvIxE9LgrdlrW2kzMTXJbiYf_uNXGvysKANRZqXdYvCNahy6JXRptfd5f5lvPaDA6fHhwUcNAv1V6cUQ4zZ3FbOXcs3XsOp/2019-01-18_02h34_17-e1577345217496-1.png,髭の長さはバリカン何ミリがいい？3ミリ？6ミリ？理容師が解説 ...
